{
	"images" : [
		{
			"filename" : "Icon-iPhone-120.png",
			"idiom" : "iphone",
			"scale" : "2x",
			"size" : "60x60"
		},
		{
			"filename" : "Icon-iPhone-180.png",
			"idiom" : "iphone",
			"scale" : "3x",
			"size" : "60x60"
		},
		{
			"filename" : "Icon-iPad-76.png",
			"idiom" : "ipad",
			"scale" : "1x",
			"size" : "76x76"
		},
		{
			"filename" : "Icon-iPad-152.png",
			"idiom" : "ipad",
			"scale" : "2x",
			"size" : "76x76"
		},
		{
			"filename" : "Icon-iPad-167.png",
			"idiom" : "ipad",
			"scale" : "2x",
			"size" : "83.5x83.5"
		}
	],
	"info" : {
		"author" : "xcode",
		"version" : 1
	},
	"properties" : {
		"pre-rendered" : false
	}
}